{"cameraMode":{"drawMode":0,"name":"Shaded","section":"Shading Mode"},"sceneLighting":true,"audioPlay":false,"sceneViewState":{"m_AlwaysRefresh":false,"showFog":true,"showSkybox":true,"showFlares":true,"showImageEffects":true,"showParticleSystems":true,"showVisualEffectGraphs":true,"m_FxEnabled":true},"in2DMode":false,"pivot":{"x":1.2411785125732422,"y":1.962646722793579,"z":6.368701457977295},"rotation":{"x":-0.15061187744140626,"y":0.20277483761310578,"z":-0.03159013018012047,"w":-0.9670868515968323},"size":12.329378128051758,"orthographic":true}