{"cameraMode":{"drawMode":0,"name":"Shaded","section":"Shading Mode"},"sceneLighting":true,"audioPlay":false,"sceneViewState":{"m_AlwaysRefresh":false,"showFog":true,"showSkybox":true,"showFlares":true,"showImageEffects":true,"showParticleSystems":true,"showVisualEffectGraphs":true,"m_FxEnabled":true},"in2DMode":false,"pivot":{"x":0.9533478021621704,"y":1.2677032947540284,"z":0.4433900713920593},"rotation":{"x":0.4742554724216461,"y":-0.24003621935844422,"z":0.13616327941417695,"w":0.8360426425933838},"size":0.5219419002532959,"orthographic":true}